1,0,0,",6,",,你好,1546941833,1546941833,0,0,1,,,1,,
2,0,0,31,,"关于订单：2000000000003301的款项已经收到，请留意出库通知。<a href=""/home/memberorder/show_order/order_id/33.html"" target=""_blank"">点击查看订单详情</a>",1554001323,1554001323,0,0,1,,,0,,
3,0,0,31,,"关于订单：2000000000003201的款项已经收到，请留意出库通知。<a href=""/home/memberorder/show_order/order_id/32.html"" target=""_blank"">点击查看订单详情</a>",1554001437,1554001437,0,0,1,,,0,,
4,0,0,31,,"关于订单：2000000000003101的款项已经收到，请留意出库通知。<a href=""/home/memberorder/show_order/order_id/31.html"" target=""_blank"">点击查看订单详情</a>",1554001508,1554001508,0,0,1,,,0,,
5,0,0,31,,"关于订单：2000000000003501的款项已经收到，请留意出库通知。<a href=""/home/memberorder/show_order/order_id/35.html"" target=""_blank"">点击查看订单详情</a>",1554002213,1554002213,0,0,1,,,0,,
6,0,0,31,,"关于订单：2000000000002901的款项已经收到，请留意出库通知。<a href=""/home/memberorder/show_order/order_id/29.html"" target=""_blank"">点击查看订单详情</a>",1554002232,1554002232,0,0,1,,,0,,
7,0,0,31,,"关于订单：2000000000003001的款项已经收到，请留意出库通知。<a href=""/home/memberorder/show_order/order_id/30.html"" target=""_blank"">点击查看订单详情</a>",1554002477,1554002477,0,0,1,,,0,,
8,0,0,33,,"关于订单：2000000000003601的款项已经收到，请留意出库通知。<a href=""/home/memberorder/show_order/order_id/36.html"" target=""_blank"">点击查看订单详情</a>",1554103444,1554103444,0,0,1,,,0,,
9,0,0,33,,"您的订单已经出库。<a href=""/home/memberorder/show_order/order_id/36.html"" target=""_blank"">点击查看订单</a>",1554103840,1554103840,0,0,1,,,0,,
10,0,0,33,,"关于订单：2000000000003701的款项已经收到，请留意出库通知。<a href=""/home/memberorder/show_order/order_id/37.html"" target=""_blank"">点击查看订单详情</a>",1554104157,1554104157,0,0,1,,,0,,
11,0,0,33,,"您的订单已经出库。<a href=""/home/memberorder/show_order/order_id/37.html"" target=""_blank"">点击查看订单</a>",1554104420,1554104420,0,0,1,,,0,,
12,0,0,33,,"关于订单：2000000000003801的款项已经收到，请留意出库通知。<a href=""/home/memberorder/show_order/order_id/38.html"" target=""_blank"">点击查看订单详情</a>",1554104993,1554104993,0,0,1,,,0,,
13,0,0,33,,"您的订单已经出库。<a href=""/home/memberorder/show_order/order_id/38.html"" target=""_blank"">点击查看订单</a>",1554105048,1554105048,0,0,1,,,0,,
14,0,0,34,,"关于订单：2000000000004001的款项已经收到，请留意出库通知。<a href=""/home/memberorder/show_order/order_id/40.html"" target=""_blank"">点击查看订单详情</a>",1554105552,1554105552,0,0,1,,,0,,
15,0,0,34,,"关于订单：2000000000004101的款项已经收到，请留意出库通知。<a href=""/home/memberorder/show_order/order_id/41.html"" target=""_blank"">点击查看订单详情</a>",1554110896,1554110896,0,0,1,,,0,,
16,0,0,34,,"关于订单：2000000000004201的款项已经收到，请留意出库通知。<a href=""/home/memberorder/show_order/order_id/42.html"" target=""_blank"">点击查看订单详情</a>",1554111604,1554111604,0,0,1,,,0,,
17,0,0,34,,"关于订单：2000000000004301的款项已经收到，请留意出库通知。<a href=""/home/memberorder/show_order/order_id/43.html"" target=""_blank"">点击查看订单详情</a>",1554119010,1554119010,0,0,1,,,0,,
18,0,0,34,,"您的订单已经出库。<a href=""/home/memberorder/show_order/order_id/42.html"" target=""_blank"">点击查看订单</a>",1554122349,1554122349,0,0,1,,,0,,
19,0,0,35,,"关于订单：2000000000004401的款项已经收到，请留意出库通知。<a href=""/home/memberorder/show_order/order_id/44.html"" target=""_blank"">点击查看订单详情</a>",1554123168,1554123168,0,0,1,,,0,,
20,0,0,34,,"关于订单：2000000000004501的款项已经收到，请留意出库通知。<a href=""/home/memberorder/show_order/order_id/45.html"" target=""_blank"">点击查看订单详情</a>",1554173000,1554173000,0,0,1,,,0,,
21,0,0,36,,"你的账户于 2019-04-02 15:03:14 账户资金有变化，描述：管理员调节预存款【增加】，充值单号: 19040215031426426036,备注：，可用金额变化 ：100.00元，冻结金额变化：0.00元。<a href=""/index.php/home/predeposit/pd_log_list.html"" target=""_blank"">点击查看余额</a>",1554188594,1554188594,0,0,1,,,0,,
22,0,0,36,,"你的账户于 2019-04-02 15:04:08 账户资金有变化，描述：下单，支付预存款，订单号: 2000000000004601，可用金额变化 ：-5.00元，冻结金额变化：0.00元。<a href=""/home/predeposit/pd_log_list.html"" target=""_blank"">点击查看余额</a>",1554188648,1554188648,0,0,1,,,0,,
23,0,0,34,,"您的退款退货单有了变化。<a href=""/Memberrefund/view//refund_id/3.html"" target=""_blank"">点击查看</a>",1554190786,1554190786,0,0,1,,,0,,
24,0,0,34,,"您的退款退货单有了变化。<a href=""/Memberrefund/view//refund_id/2.html"" target=""_blank"">点击查看</a>",1554190802,1554190802,0,0,1,,,0,,
25,0,0,34,,"您的退款退货单有了变化。<a href=""/Memberrefund/view//refund_id/1.html"" target=""_blank"">点击查看</a>",1554190813,1554190813,0,0,1,,,0,,
